text,label
How can I update existing users during import?,how-to
How do I speed up export for large stores?,how-to
Import fails with invalid CSV error.,bug
Export is empty even though orders exist.,bug
Import fails with invalid CSV error.,bug
I was charged twice—what should I do?,billing
I want a dashboard for export history.,feature_request
SFTP connection timeout when exporting.,bug
"Hi, how can i update existing users during import?",how-to
Where can I download an invoice? in WooCommerce?,billing
How can I export orders to CSV?,how-to
Feature request: webhook on export completion.,feature_request
Import fails with invalid csv error.,bug
"Hi, what plan includes scheduled exports?",billing
"Hi, export is empty even though orders exist.",bug
Can you add a filter by SKU for export?,feature_request
Feature request: webhook on export completion.,feature_request
How to import products from a CSV file? in WooCommerce?,how-to
"Hi, why does my quota show exceeded?",billing
Why does my quota show exceeded?,billing
My billing didn’t update after purchase. in WooCommerce?,billing
How do I export orders to CSV? in WooCommerce?,how-to
"Hi, feature request: webhook on export completion.",feature_request
How can I export orders to CSV?,how-to
"Hi, i was charged twice—what should i do?",billing
How can I change my billing email?,billing
"Hi, how do i export orders to csv?",how-to
Can you add a filter by SKU for export?,feature_request
I want a dashboard for export history.,feature_request
My billing didn’t update after purchase.,billing
"Hi, fatal error during import on large files.",bug
Can you add a filter by SKU for export? in WooCommerce?,feature_request
How do I speed up export for large stores?,how-to
Can you add a filter by SKU for export?,feature_request
Where do I configure FTP/SFTP settings?,how-to
Permission denied while uploading export file via SFTP.,bug
Can you add a filter by SKU for export?,feature_request
How can I update existing users during import?,how-to
Authentication failed when connecting to SFTP.,bug
My billing didn’t update after purchase.,billing
Please add support for SSH key based SFTP.,feature_request
Export is empty even though orders exist.,bug
Feature request: export one row per line item.,feature_request
Where do I configure FTP/SFTP settings?,how-to
"Hi, what plan includes scheduled exports?",billing
SFTP connection timeout when exporting. in WooCommerce?,bug
"Hi, my billing didn’t update after purchase.",billing
How do I find WooCommerce logs?,how-to
Where can I download an invoice?,billing
Permission denied while uploading export file via SFTP. in WooCommerce?,bug
Can we export membership data in a single row?,feature_request
"Hi, can we export membership data in a single row?",feature_request
Can we export membership data in a single row?,feature_request
"Hi, i want a dashboard for export history.",feature_request
I want a dashboard for export history.,feature_request
Can we export membership data in a single row?,feature_request
Authentication failed when connecting to SFTP. in WooCommerce?,bug
Can you add a filter by SKU for export?,feature_request
Export is empty even though orders exist.,bug
What plan includes scheduled exports?,billing
Permission denied while uploading export file via SFTP.,bug
Why does my quota show exceeded?,billing
I was charged twice—what should I do?,billing
Permission denied while uploading export file via SFTP. in WooCommerce?,bug
SFTP connection timeout when exporting.,bug
Permission denied while uploading export file via SFTP.,bug
Permission denied while uploading export file via SFTP.,bug
Permission denied while uploading export file via SFTP.,bug
"Hi, import fails with invalid csv error.",bug
Can you add a filter by SKU for export?,feature_request
What plan includes scheduled exports?,billing
Import fails with invalid CSV error.,bug
How to import products from a CSV file?,how-to
I was charged twice—what should I do? in WooCommerce?,billing
SFTP connection timeout when exporting.,bug
Import fails with invalid csv error.,bug
"Hi, how do i export orders to csv?",how-to
"Hi, how do i find woocommerce logs?",how-to
"Hi, what plan includes scheduled exports?",billing
Where can I download an invoice?,billing
Permission denied while uploading export file via SFTP. in WooCommerce?,bug
Permission denied while uploading export file via SFTP.,bug
I want a dashboard for export history.,feature_request
"Hi, i want a dashboard for export history.",feature_request
I was charged twice—what should I do?,billing
Where do I configure FTP/SFTP settings?,how-to
How can I speed up export for large stores?,how-to
How to import products from a csv file?,how-to
"Hi, where do i configure ftp/sftp settings?",how-to
How do I speed up export for large stores?,how-to
Please add support for SSH key based SFTP.,feature_request
Why does my quota show exceeded? in WooCommerce?,billing
Why does my quota show exceeded?,billing
How do I speed up export for large stores? in WooCommerce?,how-to
"Hi, my billing didn’t update after purchase.",billing
Feature request: export one row per line item.,feature_request
Authentication failed when connecting to SFTP.,bug
How to import products from a CSV file? in WooCommerce?,how-to
I was charged twice—what should I do?,billing
How do I change my billing email? in WooCommerce?,billing
Permission denied while uploading export file via SFTP.,bug
I was charged twice—what should I do?,billing
How can I update existing users during import?,how-to
Feature request: export one row per line item.,feature_request
Feature request: webhook on export completion.,feature_request
Feature request: export one row per line item.,feature_request
Where can I download an invoice? in WooCommerce?,billing
How do I find WooCommerce logs?,how-to
How to import products from a CSV file?,how-to
Permission denied while uploading export file via SFTP.,bug
How do I export orders to csv?,how-to
Authentication failed when connecting to SFTP.,bug
Import fails with invalid CSV error. in WooCommerce?,bug
My billing didn’t update after purchase. in WooCommerce?,billing
Why does my quota show exceeded?,billing
Permission denied while uploading export file via SFTP.,bug
Permission denied while uploading export file via SFTP.,bug
"Hi, why does my quota show exceeded?",billing
What plan includes scheduled exports?,billing
"Hi, import fails with invalid csv error.",bug
Where do I configure FTP/SFTP settings?,how-to
I was charged twice—what should I do? in WooCommerce?,billing
Export is empty even though orders exist.,bug
Where do I configure FTP/SFTP settings?,how-to
Permission denied while uploading export file via SFTP. in WooCommerce?,bug
What plan includes scheduled exports? in WooCommerce?,billing
Can we export membership data in a single row? in WooCommerce?,feature_request
How do I speed up export for large stores?,how-to
"Hi, how to import products from a csv file?",how-to
I want a dashboard for export history.,feature_request
"Hi, how do i find woocommerce logs?",how-to
"Hi, why does my quota show exceeded?",billing
"Hi, how do i find woocommerce logs?",how-to
Why does my quota show exceeded? in WooCommerce?,billing
How to import products from a CSV file?,how-to
My billing didn’t update after purchase.,billing
Where can I download an invoice?,billing
Export is empty even though orders exist.,bug
My billing didn’t update after purchase. in WooCommerce?,billing
Why does my quota show exceeded?,billing
"Hi, i want a dashboard for export history.",feature_request
I want a dashboard for export history.,feature_request
Authentication failed when connecting to SFTP.,bug
I want a dashboard for export history.,feature_request
Authentication failed when connecting to SFTP. in WooCommerce?,bug
How to import products from a csv file?,how-to
My billing didn’t update after purchase.,billing
How can I update existing users during import?,how-to
How do I change my billing email? in WooCommerce?,billing
How do I find WooCommerce logs? in WooCommerce?,how-to
"Hi, my billing didn’t update after purchase.",billing
I want a dashboard for export history.,feature_request
Permission denied while uploading export file via SFTP.,bug
How can I update existing users during import?,how-to
Feature request: export one row per line item.,feature_request
How do I speed up export for large stores?,how-to
Authentication failed when connecting to SFTP. in WooCommerce?,bug
I want a dashboard for export history.,feature_request
"Hi, how do i find woocommerce logs?",how-to
How do I change my billing email? in WooCommerce?,billing
Please add support for SSH key based SFTP.,feature_request
How to import products from a CSV file?,how-to
Export is empty even though orders exist.,bug
How to import products from a CSV file?,how-to
Where can I download an invoice?,billing
"Hi, please add support for ssh key based sftp.",feature_request
"Hi, please add support for ssh key based sftp.",feature_request
Feature request: webhook on export completion.,feature_request
How can I update existing users during import?,how-to
What plan includes scheduled exports?,billing
"Hi, authentication failed when connecting to sftp.",bug
How do I speed up export for large stores?,how-to
How do I export orders to CSV?,how-to
Where can I download an invoice?,billing
Authentication failed when connecting to SFTP.,bug
Export is empty even though orders exist. in WooCommerce?,bug
"Hi, import fails with invalid csv error.",bug
I want a dashboard for export history.,feature_request
Feature request: webhook on export completion.,feature_request
Export is empty even though orders exist.,bug
How to import products from a CSV file?,how-to
"Hi, how do i speed up export for large stores?",how-to
How to import products from a CSV file?,how-to
Feature request: export one row per line item.,feature_request
What plan includes scheduled exports? in WooCommerce?,billing
How to import products from a CSV file?,how-to
My billing didn’t update after purchase. in WooCommerce?,billing
Fatal error during import on large files.,bug
I want a dashboard for export history.,feature_request
I was charged twice—what should I do?,billing
Can you add a filter by SKU for export?,feature_request
Can you add a filter by SKU for export? in WooCommerce?,feature_request
Authentication failed when connecting to SFTP.,bug
"Hi, how do i find woocommerce logs?",how-to
Permission denied while uploading export file via SFTP.,bug
How to import products from a CSV file? in WooCommerce?,how-to
Feature request: export one row per line item. in WooCommerce?,feature_request
I was charged twice—what should I do?,billing
I want a dashboard for export history.,feature_request
Can you add a filter by SKU for export?,feature_request
"Hi, please add support for ssh key based sftp.",feature_request
Feature request: export one row per line item.,feature_request
How do I change my billing email?,billing
How do I speed up export for large stores?,how-to
How can I export orders to CSV?,how-to
Fatal error during import on large files.,bug
"Hi, where do i configure ftp/sftp settings?",how-to
"Hi, how do i speed up export for large stores?",how-to
Can we export membership data in a single row? in WooCommerce?,feature_request
What plan includes scheduled exports?,billing
Please add support for SSH key based SFTP.,feature_request
"Hi, feature request: export one row per line item.",feature_request
"Hi, feature request: webhook on export completion.",feature_request
My billing didn’t update after purchase.,billing
How do I find WooCommerce logs?,how-to
Where can I download an invoice?,billing
Feature request: webhook on export completion.,feature_request
How do I export orders to csv?,how-to
How to import products from a csv file?,how-to
Where can I download an invoice?,billing
Where can I download an invoice?,billing
"Hi, my billing didn’t update after purchase.",billing
SFTP connection timeout when exporting.,bug
Authentication failed when connecting to SFTP.,bug
"Hi, import fails with invalid csv error.",bug
Export is empty even though orders exist.,bug
Can you add a filter by SKU for export? in WooCommerce?,feature_request
SFTP connection timeout when exporting.,bug
Feature request: webhook on export completion.,feature_request
Please add support for SSH key based SFTP.,feature_request
My billing didn’t update after purchase.,billing
"Hi, can you add a filter by sku for export?",feature_request
How do I export orders to csv?,how-to
I want a dashboard for export history.,feature_request
"Hi, authentication failed when connecting to sftp.",bug
"Hi, export is empty even though orders exist.",bug
Where do I configure FTP/SFTP settings?,how-to
"Hi, export is empty even though orders exist.",bug
"Hi, where can i download an invoice?",billing
"Hi, sftp connection timeout when exporting.",bug
